step,tokens_seen,epoch_frac,loss,perplexity,z_loss,lr_muon,lr_adamw,grad_norm_muon,grad_norm_adamw,gdn_grad_norm,swa_grad_norm,gqa_grad_norm,tokens_per_sec,gpu_mem_mb,peak_gpu_mem_mb,elapsed_s
10,2620160,0.00027,11.10858,65897.333,0.0127304,0.00035971223021582735,5.39568345323741e-06,5.956613063812256,0.7200592160224915,1.6367500199394436,0.0,0.0,20179.3,1996.4,9105.1,132.3
20,5240320,0.00054,10.48135,35192.453,0.0127606,0.0007194244604316547,1.079136690647482e-05,6.230313301086426,0.9326099157333374,1.167880206083795,0.0,0.0,20559.2,1996.4,9105.1,259.6
30,7860480,0.00081,9.82268,18211.996,0.0128393,0.001079136690647482,1.618705035971223e-05,4.063545227050781,0.7487850785255432,0.6264514534645925,0.0,0.0,20562.8,1996.4,9105.1,387.1
40,10480640,0.00108,9.29008,10690.895,0.0129353,0.0014388489208633094,2.158273381294964e-05,2.209486961364746,0.6339980363845825,0.4189309507666984,0.0,0.0,20561.4,1996.4,9105.1,514.4
50,13100800,0.00135,8.84563,6854.179,0.0130134,0.0017985611510791366,2.6978417266187048e-05,2.459989309310913,0.5626110434532166,0.4253520244906807,0.0,0.0,20539.0,1996.4,9105.1,641.9
60,15720960,0.00162,8.43414,4542.389,0.0129313,0.002158273381294964,3.237410071942446e-05,2.8097517490386963,0.5070237517356873,0.5033884759228643,0.0,0.0,20560.6,1996.4,9105.1,769.2
70,18341120,0.00189,8.02451,3015.556,0.0129685,0.002517985611510791,3.776978417266187e-05,2.9260642528533936,0.6123158931732178,0.6236047128967216,0.0,0.0,20560.4,1996.4,9105.1,896.7
80,20961280,0.00216,7.71744,2218.715,0.0127531,0.0028776978417266188,4.316546762589928e-05,2.3257052898406982,0.5978068113327026,0.6206894760691596,0.0,0.0,20558.9,1996.4,9105.1,1024.2
90,23581440,0.00243,7.39076,1600.291,0.0128224,0.003237410071942446,4.856115107913669e-05,2.020449638366699,0.41976824402809143,0.5547239365049436,0.0,0.0,20556.4,1996.4,9105.1,1151.5
100,26201600,0.0027,7.06725,1158.093,0.0127221,0.003597122302158273,5.3956834532374096e-05,1.8079501390457153,0.44943585991859436,0.5066141514039416,0.0,0.0,20566.8,1996.4,9105.1,1279.0
110,28821760,0.00297,6.91908,998.591,0.0127371,0.003956834532374101,5.9352517985611506e-05,1.6208672523498535,0.3965083956718445,0.4826589252746922,0.0,0.0,20563.5,1996.4,9105.1,1406.5
120,31441920,0.00324,6.63493,751.381,0.0130148,0.004316546762589928,6.474820143884892e-05,1.6446161270141602,0.3024119436740875,0.4848087293637659,0.0,0.0,20570.3,1996.4,9105.1,1533.8
130,34062080,0.00351,6.50652,660.762,0.013121,0.004676258992805755,7.014388489208632e-05,1.5806578397750854,0.3146394193172455,0.4951707081277024,0.0,0.0,20567.7,1996.4,9105.1,1667.4
140,36682240,0.00378,6.38766,586.703,0.0131378,0.005035971223021582,7.553956834532374e-05,1.1707450151443481,0.2621881067752838,0.3782374905199256,0.0,0.0,20568.4,1996.4,9105.1,1794.7
150,39302400,0.00405,6.18304,477.948,0.0135324,0.00539568345323741,8.093525179856114e-05,1.0850493907928467,0.3336719870567322,0.3573490712237719,0.0,0.0,20560.5,1996.4,9105.1,1922.2
160,41922560,0.00431,6.11368,445.898,0.0135948,0.0057553956834532375,8.633093525179855e-05,1.023052453994751,0.2825220227241516,0.346599938858229,0.0,0.0,20558.3,1996.4,9105.1,2049.7
170,44542720,0.00458,6.06565,424.982,0.0136065,0.006115107913669065,9.172661870503596e-05,1.1744017601013184,0.24927006661891937,0.36280242923133454,0.0,0.0,20557.5,1996.4,9105.1,2177.1
180,47162880,0.00485,5.95087,378.82,0.0138123,0.006474820143884892,9.712230215827337e-05,0.9422124028205872,0.26542237401008606,0.30596453057834033,0.0,0.0,20568.0,1996.4,9105.1,2304.6
190,49783040,0.00512,5.79017,322.548,0.013916,0.006834532374100719,0.00010251798561151078,0.9246447086334229,0.28877636790275574,0.31681951342567016,0.0,0.0,20557.8,1996.4,9105.1,2431.9
200,52403200,0.00539,5.7528,310.706,0.0139505,0.007194244604316546,0.00010791366906474819,0.8309577107429504,0.2584826350212097,0.3019541938281644,0.0,0.0,20547.0,1996.4,9105.1,2559.4
210,55023360,0.00566,5.51295,244.29,0.0145896,0.007553956834532374,0.0001133093525179856,0.7516518235206604,0.23557746410369873,0.3020406645598166,0.0,0.0,20550.0,1996.4,9105.1,2686.8
220,57643520,0.00593,5.56944,258.485,0.0146073,0.007913669064748202,0.00011870503597122301,0.6218111515045166,0.2117534577846527,0.24702800276068743,0.0,0.0,20551.1,1996.4,9105.1,2814.3
230,60263680,0.0062,5.469,233.745,0.0147716,0.008273381294964029,0.00012410071942446042,0.6802685856819153,0.18279634416103363,0.2763131185253917,0.0,0.0,20559.3,1996.4,9105.1,2941.9
240,62883840,0.00647,5.38857,215.707,0.0146468,0.008633093525179856,0.00012949640287769783,0.6803062558174133,0.20842011272907257,0.27807532660914874,0.0,0.0,20555.9,1996.4,9105.1,3069.2
250,65504000,0.00674,5.44654,228.551,0.0147791,0.008992805755395683,0.00013489208633093522,0.6049618721008301,0.18968939781188965,0.24056931455331643,0.0,0.0,20555.2,1996.4,9105.1,3196.7
260,68124160,0.00701,5.2904,195.465,0.0150202,0.00935251798561151,0.00014028776978417264,0.5812965035438538,0.225638747215271,0.22149263280090653,0.0,0.0,20565.0,1996.4,9105.1,3331.2
270,70744320,0.00728,5.31104,199.5,0.0152294,0.009712230215827337,0.00014568345323741005,0.5588458776473999,0.1589944213628769,0.225238493506164,0.0,0.0,20557.4,1996.4,9105.1,3458.7
280,73364480,0.00755,5.15285,170.276,0.0154281,0.010071942446043165,0.00015107913669064747,0.5282954573631287,0.14890643954277039,0.2114146203583179,0.0,0.0,20559.6,1996.4,9105.1,3586.2
290,75984640,0.00782,5.03562,151.394,0.0157346,0.010431654676258992,0.00015647482014388486,0.554180383682251,0.14237995445728302,0.23867340903644804,0.0,0.0,20555.5,1996.4,9105.1,3713.6
300,78604800,0.00809,5.06423,155.799,0.0156581,0.01079136690647482,0.00016187050359712228,0.4041547179222107,0.15530142188072205,0.17672930518943722,0.0,0.0,20556.1,1996.4,9105.1,3841.1
310,81224960,0.00836,5.02938,150.442,0.0158034,0.011151079136690648,0.0001672661870503597,0.4338829815387726,0.1788073182106018,0.17443453868407338,0.0,0.0,20560.9,1996.4,9105.1,3968.5
320,83845120,0.00863,4.7756,116.672,0.0162333,0.011510791366906475,0.0001726618705035971,0.5102124810218811,0.15690961480140686,0.20797024497867392,0.0,0.0,20551.0,1996.4,9105.1,4096.1
330,86465280,0.0089,4.88371,129.994,0.0162212,0.011870503597122302,0.0001780575539568345,0.5183011889457703,0.20594151318073273,0.20672447269895963,0.0,0.0,20543.2,1996.4,9105.1,4223.5
340,89085440,0.00917,4.73838,112.402,0.0162981,0.01223021582733813,0.00018345323741007191,0.44802913069725037,0.1651175320148468,0.18277034977390103,0.0,0.0,20549.2,1996.4,9105.1,4351.1
350,91705600,0.00944,4.58832,96.705,0.0166557,0.012589928057553957,0.00018884892086330933,0.4829675555229187,0.1330137550830841,0.19238307903254695,0.0,0.0,20547.8,1996.4,9105.1,4478.6
360,94325760,0.00971,4.68458,106.494,0.0164917,0.012949640287769784,0.00019424460431654675,0.5117216110229492,0.13502107560634613,0.19409971661828768,0.0,0.0,20555.8,1996.4,9105.1,4606.0
370,96945920,0.00998,4.58543,96.415,0.0167616,0.013309352517985611,0.00019964028776978414,0.5023098587989807,0.1804773360490799,0.1977395263584252,0.0,0.0,20543.8,1996.4,9105.1,4733.6
380,99566080,0.01025,4.54341,92.457,0.0166712,0.013669064748201438,0.00020503597122302155,0.41457661986351013,0.15425075590610504,0.18800321233810238,0.0,0.0,20550.2,1996.4,9105.1,4867.2
390,102186240,0.01052,4.52834,91.063,0.0167881,0.014028776978417265,0.00021043165467625897,0.4893909990787506,0.17721650004386902,0.20263856179238593,0.0,0.0,20554.3,1996.4,9105.1,4994.7
400,104806400,0.01079,4.45839,84.908,0.0168243,0.014388489208633093,0.00021582733812949639,0.3761134147644043,0.17041245102882385,0.16960385836147215,0.0,0.0,20551.1,1996.4,9105.1,5122.2
410,107426560,0.01106,4.32761,74.451,0.0174605,0.01474820143884892,0.00022122302158273378,0.3779006600379944,0.1269582062959671,0.17220501225397264,0.0,0.0,20556.3,1996.4,9105.1,5249.6
420,110046720,0.01133,4.39327,79.523,0.0172214,0.015107913669064749,0.0002266187050359712,0.3585566580295563,0.13391248881816864,0.1525810258757271,0.0,0.0,20558.7,1996.4,9105.1,5377.1
430,112666880,0.0116,4.31852,73.779,0.0174448,0.015467625899280576,0.0002320143884892086,0.3508763015270233,0.1483747959136963,0.14994089222763474,0.0,0.0,20555.9,1996.4,9105.1,5504.5
440,115287040,0.01187,4.41023,80.869,0.0173936,0.015827338129496403,0.00023741007194244602,0.3781256079673767,0.17457972466945648,0.1687387771880068,0.0,0.0,20553.5,1996.4,9105.1,5632.0
450,117907200,0.01214,4.60507,98.298,0.0170631,0.01618705035971223,0.00024280575539568341,0.3386451005935669,0.14209333062171936,0.15108400405136546,0.0,0.0,20548.9,1996.4,9105.1,5759.5
460,120527360,0.01241,4.25576,69.258,0.0179259,0.016546762589928057,0.00024820143884892083,0.35864710807800293,0.1341031938791275,0.15794026393158161,0.0,0.0,20553.4,1996.4,9105.1,5886.9
470,123147520,0.01268,4.24471,68.49,0.0180149,0.016906474820143885,0.00025359712230215825,0.2867964208126068,0.10974767059087753,0.13225988558757706,0.0,0.0,20557.7,1996.4,9105.1,6014.5
480,125767680,0.01294,4.11009,59.854,0.0181823,0.017266187050359712,0.00025899280575539566,0.29956555366516113,0.12653905153274536,0.14603885284823057,0.0,0.0,20548.9,1996.4,9105.1,6141.9
490,128387840,0.01321,4.39132,79.341,0.0175645,0.01762589928057554,0.0002643884892086331,0.28359952569007874,0.14708271622657776,0.141440615575703,0.0,0.0,20553.7,1996.4,9105.1,6269.4
500,131008000,0.01348,4.24599,68.589,0.0178626,0.017985611510791366,0.00026978417266187044,0.29025352001190186,0.1388414055109024,0.13201109146100667,0.0,0.0,20549.4,1996.4,9105.1,6396.8
510,133628160,0.01375,4.19443,65.119,0.0182088,0.018345323741007193,0.00027517985611510786,0.28269150853157043,0.12032978981733322,0.13822185569331874,0.0,0.0,20554.0,1996.4,9105.1,6531.3
520,136248320,0.01402,4.26854,70.147,0.017946,0.01870503597122302,0.0002805755395683453,0.27618107199668884,0.14207610487937927,0.135558999091886,0.0,0.0,20555.3,1996.4,9105.1,6658.9
530,138868480,0.01429,4.12818,60.931,0.0184336,0.019064748201438848,0.0002859712230215827,0.2415032833814621,0.13874304294586182,0.12395866170032098,0.0,0.0,20545.8,1996.4,9105.1,6786.3
540,141488640,0.01456,4.08134,58.14,0.0184954,0.019424460431654675,0.0002913669064748201,0.2317640632390976,0.1263114959001541,0.12166334630509235,0.0,0.0,20551.3,1996.4,9105.1,6913.8
550,144108800,0.01483,4.17026,63.555,0.0183454,0.019784172661870502,0.0002967625899280575,0.22571247816085815,0.12264103442430496,0.11696938911614987,0.0,0.0,20552.2,1996.4,9105.1,7041.3
560,146728960,0.0151,4.14029,61.672,0.0184588,0.01999999946730874,0.0002999999920096311,0.23039735853672028,0.1284472644329071,0.11809809381155453,0.0,0.0,20547.3,1996.4,9105.1,7168.8
570,149349120,0.01537,3.99083,53.088,0.0188727,0.01999999347453282,0.00029999990211799224,0.2565651535987854,0.12155898660421371,0.1512890066953143,0.0,0.0,20552.9,1996.4,9105.1,7296.3
580,151969280,0.01564,4.0764,57.828,0.0189273,0.019999980823121346,0.00029999971234682016,0.20747603476047516,0.11832617968320847,0.11952919998715038,0.0,0.0,20548.2,1996.4,9105.1,7423.8
590,154589440,0.01591,4.09388,58.858,0.0187559,0.01999996151308369,0.0002999994226962553,0.20165683329105377,0.10554799437522888,0.10280157109941626,0.0,0.0,20548.0,1996.4,9105.1,7551.3
600,157209600,0.01618,4.15273,62.428,0.0187205,0.019999935544434126,0.00029999903316651187,0.1814366728067398,0.11132524162530899,0.0943679358403185,0.0,0.0,20544.9,1996.4,9105.1,7678.9
610,159829760,0.01645,4.0203,54.667,0.0190376,0.01999990291719188,0.0002999985437578782,0.16585062444210052,0.10586139559745789,0.09621587143732366,0.0,0.0,20554.2,1996.4,9105.1,7806.4
620,162449920,0.01672,4.05306,56.489,0.0190147,0.019999863631381086,0.00029999795447071626,0.1748557686805725,0.11221213638782501,0.10590201916123508,0.0,0.0,20556.6,1996.4,9105.1,7933.8
630,165070080,0.01699,3.99568,53.328,0.0192235,0.019999817687030807,0.0002999972653054621,0.17786931991577148,0.11058993637561798,0.10431130162920516,0.0,0.0,20548.3,1996.4,9105.1,8067.6
640,167690240,0.01726,3.96366,51.654,0.019086,0.019999765084175038,0.0002999964762626255,0.1667395979166031,0.1213320791721344,0.09637215709033044,0.0,0.0,20558.8,1996.4,9105.1,8194.9
650,170310400,0.01753,3.90405,48.653,0.0193305,0.01999970582285269,0.0002999955873427903,0.17182482779026031,0.10133104026317596,0.10346782748994805,0.0,0.0,20554.5,1996.4,9105.1,8322.5
660,172930560,0.0178,3.94405,50.633,0.0194484,0.01999963990310762,0.0002999945985466143,0.18463508784770966,0.10710757970809937,0.10579188878640115,0.0,0.0,20333.0,1996.4,9105.1,8450.0
670,175550720,0.01807,3.94905,50.885,0.0194788,0.01999956732498859,0.0002999935098748288,0.1539028137922287,0.11412983387708664,0.08976104989557677,0.0,0.0,20550.4,1996.4,9105.1,8577.5
680,178170880,0.01834,4.00287,53.705,0.0193682,0.0199994880885493,0.0002999923213282394,0.1588580459356308,0.11749358475208282,0.09332856686343202,0.0,0.0,20543.6,1996.4,9105.1,8705.0
690,180791040,0.01861,3.92222,49.532,0.0195933,0.019999402193848367,0.0002999910329077255,0.14320220053195953,0.10736531764268875,0.08006335248872358,0.0,0.0,20541.3,1996.4,9105.1,8832.5
700,183411200,0.01888,3.9642,51.668,0.0193742,0.01999930964094935,0.0002999896446142402,0.16163106262683868,0.11986125260591507,0.08973774862363924,0.0,0.0,20548.4,1996.4,9105.1,8960.0
710,186031360,0.01915,3.92008,49.424,0.0196405,0.019999210429920717,0.0002999881564488107,0.14230211079120636,0.13333158195018768,0.09256251269980349,0.0,0.0,20549.6,1996.4,9105.1,9087.6
720,188651520,0.01942,3.87052,47.036,0.0196036,0.01999910456083587,0.00029998656841253804,0.12893591821193695,0.09729979932308197,0.0740312587402451,0.0,0.0,20545.3,1996.4,9105.1,9215.0
730,191271680,0.01969,3.85596,46.346,0.019818,0.01999899203377314,0.00029998488050659704,0.12846946716308594,0.10324045270681381,0.08384310381878801,0.0,0.0,20547.5,1996.4,9105.1,9342.6
740,193891840,0.01996,3.70817,39.97,0.0200512,0.019998872848815775,0.00029998309273223663,0.1251855045557022,0.10262370109558105,0.07850085426169974,0.0,0.0,20542.2,1996.4,9105.1,9470.0
750,196512000,0.02023,3.77332,42.67,0.0198289,0.01999874700605196,0.0002999812050907793,0.14213915169239044,0.1018391028046608,0.08164981654421004,0.0,0.0,20543.5,1996.4,9105.1,9597.7
760,199132160,0.0205,3.93963,50.401,0.0196047,0.01999861450557479,0.0002999792175836219,0.12733244895935059,0.09880950301885605,0.0740663679073827,0.0,0.0,20545.3,1996.4,9105.1,9732.1
770,201752320,0.02077,3.85192,46.16,0.0198119,0.01999847534748231,0.0002999771302122346,0.14884181320667267,0.10439559817314148,0.09531466657203856,0.0,0.0,20540.8,1996.4,9105.1,9859.7
780,204372480,0.02104,3.84125,45.664,0.0199435,0.01999832953187746,0.00029997494297816186,0.13099239766597748,0.09904172271490097,0.0769266448153415,0.0,0.0,20549.9,1996.4,9105.1,9987.2
790,206992640,0.02131,3.76057,42.119,0.0200593,0.01999817705886813,0.0002999726558830219,0.12201905250549316,0.10762593895196915,0.08026529886658597,0.0,0.0,20548.6,1996.4,9105.1,10114.7
800,209612800,0.02157,3.82887,45.101,0.0199735,0.019998017928567126,0.0002999702689285069,0.1063239723443985,0.10120277106761932,0.06660416075802211,0.0,0.0,20553.5,1996.4,9105.1,10242.3
810,212232960,0.02184,3.77363,42.665,0.0202495,0.01999785214109218,0.00029996778211638267,0.12178854644298553,0.09586925804615021,0.07928840315499987,0.0,0.0,20543.3,1996.4,9105.1,10369.7
820,214853120,0.02211,3.74718,41.553,0.0202216,0.01999767969656595,0.0002999651954484892,0.11569717526435852,0.09437569230794907,0.06785012627672715,0.0,0.0,20538.6,1996.4,9105.1,10497.3
830,217473280,0.02238,3.81368,44.415,0.0201054,0.01999750059511602,0.0002999625089267403,0.11233678460121155,0.10159488022327423,0.0731407161856689,0.0,0.0,20538.4,1996.4,9105.1,10624.9
840,220093440,0.02265,3.80089,43.853,0.0200513,0.019997314836874894,0.00029995972255312343,0.12056586891412735,0.10589198023080826,0.07593830525900302,0.0,0.0,20536.4,1996.4,9105.1,10752.4
850,222713600,0.02292,3.78506,43.162,0.0200985,0.019997122421980013,0.00029995683632970014,0.12770690023899078,0.10372435301542282,0.07849679825730604,0.0,0.0,20541.6,1996.4,9105.1,10880.0
860,225333760,0.02319,3.72713,40.721,0.0203794,0.019996923350573726,0.00029995385025860587,0.11959365755319595,0.0945936068892479,0.06981227063460667,0.0,0.0,20546.5,1996.4,9105.1,11007.5
870,227953920,0.02346,3.77452,42.697,0.0203908,0.01999671762280332,0.0002999507643420498,0.11246021836996078,0.09863097965717316,0.07495424808319018,0.0,0.0,20537.2,1996.4,9105.1,11135.1
880,230574080,0.02373,3.69213,39.318,0.0204361,0.019996505238821002,0.000299947578582315,0.11163542419672012,0.09850794076919556,0.07272504969461245,0.0,0.0,20529.6,1996.4,9105.1,11268.9
890,233194240,0.024,3.78733,43.256,0.0201948,0.0199962861987839,0.0002999442929817585,0.10625426471233368,0.09743686765432358,0.06492042481617924,0.0,0.0,20534.7,1996.4,9105.1,11396.4
900,235814400,0.02427,3.59901,35.82,0.0205077,0.01999606050285408,0.0002999409075428112,0.10433816909790039,0.10457469522953033,0.06400205792384778,0.0,0.0,20536.1,1996.4,9105.1,11524.1
910,238434560,0.02454,3.68155,38.904,0.0204592,0.019995828151198516,0.0002999374222679777,0.11606843769550323,0.10260023921728134,0.07237016040844084,0.0,0.0,20527.5,1996.4,9105.1,11651.6
920,241054720,0.02481,3.74126,41.306,0.0202526,0.019995589143989113,0.00029993383715983663,0.10575636476278305,0.09377536177635193,0.06175157749989114,0.0,0.0,20547.0,1996.4,9105.1,11779.2
930,243674880,0.02508,3.76452,42.275,0.0203216,0.019995343481402705,0.0002999301522210405,0.11297867447137833,0.09685356914997101,0.07047745120009452,0.0,0.0,20541.1,1996.4,9105.1,11906.6
940,246295040,0.02535,3.65778,37.99,0.0204618,0.01999509116362104,0.00029992636745431557,0.10970249027013779,0.10150756686925888,0.07412462807714948,0.0,0.0,20539.2,1996.4,9105.1,12034.2
950,248915200,0.02562,3.83911,45.562,0.0200317,0.019994832190830796,0.0002999224828624619,0.10542961210012436,0.11108306795358658,0.06858417512394506,0.0,0.0,20540.6,1996.4,9105.1,12161.7
960,251535360,0.02589,3.65589,37.912,0.0206087,0.019994566563223577,0.00029991849844835365,0.10534658282995224,0.10198133438825607,0.06397189160916131,0.0,0.0,20535.8,1996.4,9105.1,12289.3
970,254155520,0.02616,3.81225,44.346,0.0202219,0.019994294280995903,0.00029991441421493853,0.10736703872680664,0.10500365495681763,0.07053514684774125,0.0,0.0,20537.2,1996.4,9105.1,12416.9
980,256775680,0.02643,3.65492,37.876,0.0205865,0.019994015344349223,0.00029991023016523834,0.10465558618307114,0.10624509304761887,0.0679345116502426,0.0,0.0,20535.9,1996.4,9105.1,12544.4
990,259395840,0.0267,3.77249,42.612,0.0203639,0.019993729753489915,0.00029990594630234865,0.09910202026367188,0.09707560390233994,0.061991038475245765,0.0,0.0,20547.5,1996.4,9105.1,12672.0
1000,262016000,0.02697,3.65786,37.995,0.0204144,0.01999343750862926,0.00029990156262943885,0.1003916785120964,0.09916601330041885,0.06639181159892939,0.0,0.0,20548.3,1996.4,9105.1,12799.5
1010,264636160,0.02724,3.65508,37.889,0.0204275,0.019993138609983484,0.00029989707914975227,0.10632738471031189,0.10461508482694626,0.07048544032667539,0.0,0.0,20547.5,1996.4,9105.1,12934.2
1020,267256320,0.02751,3.77532,42.735,0.0203135,0.01999283305777372,0.0002998924958666058,0.1035473495721817,0.09626325219869614,0.06568188625438655,0.0,0.0,20539.8,1996.4,9105.1,13061.8
1030,269876480,0.02778,3.58727,35.406,0.0203894,0.019992520852226046,0.00029988781278339065,0.10144983977079391,0.09737561643123627,0.06551944722018314,0.0,0.0,20540.5,1996.4,9105.1,13189.4
1040,272496640,0.02805,3.52603,33.29,0.0207625,0.019992201993571428,0.0002998830299035714,0.09830941259860992,0.09734207391738892,0.061138409517109284,0.0,0.0,20546.2,1996.4,9105.1,13317.0
1050,275116800,0.02832,3.67831,38.777,0.0204754,0.019991876482045784,0.00029987814723068674,0.08769580721855164,0.09808588773012161,0.052945226572200695,0.0,0.0,20539.3,1996.4,9105.1,13444.5
1060,277736960,0.02859,3.8098,44.239,0.0201824,0.019991544317889944,0.0002998731647683491,0.10581684857606888,0.09809552133083344,0.06537585904061143,0.0,0.0,20535.1,1996.4,9105.1,13572.1
1070,280357120,0.02886,3.62164,36.633,0.0206941,0.01999120550134965,0.0002998680825202447,0.0962192490696907,0.098768450319767,0.06307885936157706,0.0,0.0,20542.0,1996.4,9105.1,13699.7
1080,282977280,0.02913,3.65181,37.764,0.0204485,0.01999086003267558,0.0002998629004901337,0.10231932252645493,0.10183530300855637,0.06615647481144762,0.0,0.0,20542.0,1996.4,9105.1,13827.2
1090,285597440,0.0294,3.62849,36.898,0.02035,0.01999050791212334,0.00029985761868185005,0.10707704722881317,0.11307249218225479,0.07237020175422713,0.0,0.0,20551.7,1996.4,9105.1,13954.8
1100,288217600,0.02967,3.62747,36.845,0.020753,0.019990149139953426,0.0002998522370993014,0.10376475751399994,0.10341492295265198,0.07144609616484465,0.0,0.0,20534.7,1996.4,9105.1,14082.3
1110,290837760,0.02994,3.631,36.98,0.0206204,0.01998978371643129,0.0002998467557464693,0.09871300309896469,0.0998244509100914,0.0658409430652498,0.0,0.0,20539.4,1996.4,9105.1,14209.9
1120,293457920,0.0302,3.57363,34.921,0.0205323,0.01998941164182728,0.0002998411746274092,0.08792933076620102,0.09282952547073364,0.05645257469229789,0.0,0.0,20534.6,1996.4,9105.1,14337.7
1130,296078080,0.03047,3.52096,33.128,0.0205732,0.019989032916416686,0.00029983549374625024,0.10175821185112,0.10103762149810791,0.06559478557535085,0.0,0.0,20539.5,1996.4,9105.1,14471.4
1140,298698240,0.03074,3.55136,34.147,0.0206844,0.019988647540479697,0.00029982971310719546,0.09355170279741287,0.10704781860113144,0.06003401334374485,0.0,0.0,20534.5,1996.4,9105.1,14599.2
1150,301318400,0.03101,3.44362,30.654,0.0208487,0.01998825551430144,0.00029982383271452164,0.09264054894447327,0.09797398000955582,0.06357509171511774,0.0,0.0,20542.3,1996.4,9105.1,14726.7
1160,303938560,0.03128,3.65957,38.06,0.0204087,0.019987856838171954,0.0002998178525725793,0.11324521154165268,0.1072237566113472,0.08127657948069417,0.0,0.0,20527.0,1996.4,9105.1,14854.4
1170,306558720,0.03155,3.60707,36.112,0.0204482,0.0199874515123862,0.00029981177268579293,0.08842203766107559,0.09773685783147812,0.060418636775918355,0.0,0.0,20530.2,1996.4,9105.1,14981.9
1180,309178880,0.03182,3.66794,38.382,0.0203513,0.01998703953724405,0.0002998055930586607,0.09225386381149292,0.1015506163239479,0.06212418515796336,0.0,0.0,20541.0,1996.4,9105.1,15109.5
1190,311799040,0.03209,3.66926,38.436,0.020268,0.019986620913050313,0.00029979931369575466,0.10041028261184692,0.11929915100336075,0.060755133094594384,0.0,0.0,20534.8,1996.4,9105.1,15237.2
1200,314419200,0.03236,3.64431,37.484,0.0203874,0.019986195640114703,0.0002997929346017205,0.09122613817453384,0.09863775968551636,0.058823530108062724,0.0,0.0,20536.3,1996.4,9105.1,15364.7
1210,317039360,0.03263,3.57702,35.046,0.0203567,0.019985763718751853,0.0002997864557812778,0.09273418039083481,0.10580570995807648,0.06950156834992645,0.0,0.0,20535.4,1996.4,9105.1,15492.3
1220,319659520,0.0329,3.62355,36.718,0.0202819,0.019985325149281332,0.00029977987723922,0.09137658029794693,0.10133731365203857,0.06186908336422477,0.0,0.0,20527.7,1996.4,9105.1,15619.8
1230,322279680,0.03317,3.60616,36.077,0.0204918,0.019984879932027605,0.00029977319898041405,0.09131138771772385,0.09925813227891922,0.06406828726625577,0.0,0.0,20542.1,1996.4,9105.1,15747.4
1240,324899840,0.03344,3.63007,36.952,0.0204616,0.019984428067320075,0.0002997664210098011,0.10081114619970322,0.09941235184669495,0.06217490617047761,0.0,0.0,20542.2,1996.4,9105.1,15874.9
1250,327520000,0.03371,3.52499,33.269,0.0203647,0.01998396955549304,0.00029975954333239554,0.11819246411323547,0.10681823641061783,0.07600714669350254,0.0,0.0,20533.2,1996.4,9105.1,16002.5
1260,330140160,0.03398,3.65128,37.755,0.0201726,0.01998350439688574,0.00029975256595328605,0.08913714438676834,0.0993352085351944,0.05930166592186009,0.0,0.0,20546.2,1996.4,9105.1,16137.0
1270,332760320,0.03425,3.58257,35.239,0.0204301,0.01998303259184232,0.0002997454888776348,0.09298274666070938,0.10111421346664429,0.06804094758330564,0.0,0.0,20536.2,1996.4,9105.1,16264.6
1280,335380480,0.03452,3.63731,37.233,0.0201292,0.019982554140711845,0.0002997383121106776,0.09935779869556427,0.10726454854011536,0.06623190956772551,0.0,0.0,20315.5,1996.4,9105.1,16392.3
1290,338000640,0.03479,3.63374,37.095,0.0202486,0.01998206904384829,0.0002997310356577243,0.08857695013284683,0.10221945494413376,0.06331448881183588,0.0,0.0,20536.4,1996.4,9105.1,16519.7
1300,340620800,0.03506,3.52906,33.403,0.0204235,0.01998157730161056,0.0002997236595241584,0.09369523078203201,0.10000599920749664,0.07020474033655263,0.0,0.0,20545.8,1996.4,9105.1,16647.4
1310,343240960,0.03533,3.65732,37.985,0.0201297,0.01998107891436247,0.000299716183715437,0.09224812686443329,0.09917148947715759,0.06421383350200369,0.0,0.0,20541.0,1996.4,9105.1,16775.0
1320,345861120,0.0356,3.62671,36.84,0.0201155,0.01998057388247275,0.0002997086082370912,0.10061419010162354,0.11471061408519745,0.07922114504599603,0.0,0.0,20543.8,1996.4,9105.1,16902.6
1330,348481280,0.03587,3.57856,35.103,0.0202883,0.019980062206315045,0.00029970093309472564,0.07800588011741638,0.10105060040950775,0.06303893323565907,0.0,0.0,20545.0,1996.4,9105.1,17030.1
1340,351101440,0.03614,3.61734,36.491,0.0202829,0.019979543886267916,0.0002996931582940187,0.10377728939056396,0.11727727949619293,0.07625745571661012,0.0,0.0,20528.6,1996.4,9105.1,17157.7
1350,353721600,0.03641,3.58105,35.195,0.0201559,0.019979018922714854,0.0002996852838407228,0.10345207154750824,0.11887829005718231,0.07562816139799237,0.0,0.0,20540.4,1996.4,9105.1,17285.4
1360,356341760,0.03668,3.55624,34.334,0.0201075,0.01997848731604424,0.00029967730974066355,0.08321432769298553,0.09901335090398788,0.05852505999658748,0.0,0.0,20543.4,1996.4,9105.1,17412.8
1370,358961920,0.03695,3.50825,32.724,0.0201478,0.01997794906664939,0.00029966923599974077,0.0836605578660965,0.10061069577932358,0.05819141928922623,0.0,0.0,20546.6,1996.4,9105.1,17540.4
1380,361582080,0.03722,3.49692,32.354,0.0201929,0.01997740417492852,0.00029966106262392775,0.0821971446275711,0.09852472692728043,0.06129687289544036,0.0,0.0,20299.8,1996.4,9105.1,17674.2
1390,364202240,0.03749,3.62956,36.947,0.0200671,0.01997685264128477,0.0002996527896192715,0.08613694459199905,0.1012716218829155,0.05718679232342354,0.0,0.0,20537.1,1996.4,9105.1,17801.7
1400,366822400,0.03776,3.60971,36.219,0.0201204,0.019976294466126195,0.0002996444169918929,0.0897875726222992,0.10337954759597778,0.06054731515788137,0.0,0.0,20545.2,1996.4,9105.1,17929.3
1410,369442560,0.03803,3.54412,33.917,0.0201883,0.019975729649865763,0.0002996359447479864,0.09499160945415497,0.10410146415233612,0.06814649716897317,0.0,0.0,20335.9,1996.4,9105.1,18056.9
1420,372062720,0.0383,3.45244,30.945,0.0202157,0.01997515819292135,0.00029962737289382016,0.08149472624063492,0.09666381776332855,0.05867038868163714,0.0,0.0,20546.6,1996.4,9105.1,18184.3
1430,374682880,0.03857,3.37702,28.691,0.0204177,0.019974580095715736,0.000299618701435736,0.08602984249591827,0.09870722144842148,0.06078341810981799,0.0,0.0,20541.7,1996.4,9105.1,18311.9
1440,377303040,0.03883,3.56682,34.709,0.0198379,0.019973995358676642,0.0002996099303801496,0.09475291520357132,0.10408226400613785,0.0611580839652977,0.0,0.0,20546.0,1996.4,9105.1,18439.4
1450,379923200,0.0391,3.36725,28.413,0.0204031,0.019973403982236678,0.0002996010597335501,0.08216656744480133,0.10323134064674377,0.07097975255907853,0.0,0.0,20544.9,1996.4,9105.1,18567.0
1460,382543360,0.03937,3.61326,36.352,0.0200029,0.019972805966833374,0.00029959208950250057,0.0873643159866333,0.10930297523736954,0.06606157535978047,0.0,0.0,20542.5,1996.4,9105.1,18694.4
1470,385163520,0.03964,3.60494,36.056,0.0198652,0.01997220131290917,0.00029958301969363753,0.08603984117507935,0.10923990607261658,0.06583708528092722,0.0,0.0,20539.3,1996.4,9105.1,18822.0
1480,387783680,0.03991,3.52408,33.249,0.0200649,0.019971590020911423,0.00029957385031367134,0.0768902599811554,0.09612790495157242,0.049826573736741805,0.0,0.0,20534.8,1996.4,9105.1,18949.5
1490,390403840,0.04018,3.44718,30.79,0.0200027,0.01997097209129239,0.00029956458136938584,0.08471544086933136,0.09751073271036148,0.05846951404950766,0.0,0.0,20540.2,1996.4,9105.1,19077.1
1500,393024000,0.04045,3.61295,36.348,0.0198191,0.019970347524509248,0.00029955521286763873,0.08103466033935547,0.09712014347314835,0.055374430064249996,0.0,0.0,20532.0,1996.4,9105.1,19204.6
1510,395644160,0.04072,3.51193,32.846,0.0200897,0.019969716321024084,0.00029954574481536126,0.07655475288629532,0.10087627917528152,0.054061383597405234,0.0,0.0,20537.5,1996.4,9105.1,19339.3
1520,398264320,0.04099,3.55366,34.261,0.0196564,0.019969078481303894,0.0002995361772195584,0.08632146567106247,0.10098233819007874,0.059963906746154164,0.0,0.0,20531.7,1996.4,9105.1,19466.8
1530,400884480,0.04126,3.53406,33.588,0.0198822,0.01996843400582058,0.0002995265100873087,0.07859215885400772,0.10536050796508789,0.06743456541175125,0.0,0.0,20535.2,1996.4,9105.1,19594.4
1540,403504640,0.04153,3.47256,31.582,0.0199778,0.01996778289505096,0.00029951674342576436,0.07121534645557404,0.09648720175027847,0.04520619127558337,0.0,0.0,20537.1,1996.4,9105.1,19721.9
1550,406124800,0.0418,3.55022,34.139,0.019797,0.019967125149476756,0.00029950687724215126,0.0975930243730545,0.10813045501708984,0.059576289772283235,0.0,0.0,20545.5,1996.4,9105.1,19849.5
1560,408744960,0.04207,3.411,29.696,0.0199739,0.019966460769584592,0.00029949691154376886,0.0777537077665329,0.09338317066431046,0.051292720049316134,0.0,0.0,20535.7,1996.4,9105.1,19977.1
1570,411365120,0.04234,3.56927,34.798,0.0197035,0.019965789755866024,0.0002994868463379903,0.07810746133327484,0.10216745734214783,0.0557564773994232,0.0,0.0,20536.4,1996.4,9105.1,20104.5
1580,413985280,0.04261,3.59175,35.584,0.0198533,0.01996511210881749,0.0002994766816322623,0.07746320217847824,0.10091451555490494,0.05337785436011688,0.0,0.0,20534.7,1996.4,9105.1,20232.1
1590,416605440,0.04288,3.5295,33.437,0.0198278,0.019964427828940347,0.0002994664174341052,0.08224117755889893,0.09913631528615952,0.06043584563809664,0.0,0.0,20540.6,1996.4,9105.1,20359.8
1600,419225600,0.04315,3.46689,31.408,0.0198268,0.019963736916740867,0.00029945605375111296,0.0837201401591301,0.10168956220149994,0.07128076421849279,0.0,0.0,20540.6,1996.4,9105.1,20487.5
1610,421845760,0.04342,3.48671,32.043,0.0196242,0.019963039372730213,0.00029944559059095317,0.07606691867113113,0.09246380627155304,0.04823715374269689,0.0,0.0,20548.3,1996.4,9105.1,20615.1
1620,424465920,0.04369,3.49549,32.32,0.0198081,0.019962335197424463,0.0002994350279613669,0.07747990638017654,0.10637164115905762,0.05284406537352771,0.0,0.0,20533.5,1996.4,9105.1,20742.5
1630,427086080,0.04396,3.49799,32.407,0.0196153,0.019961624391344603,0.00029942436587016897,0.07036611437797546,0.09699048846960068,0.05007169294086429,0.0,0.0,20277.1,1996.4,9105.1,20876.4
1640,429706240,0.04423,3.48462,31.975,0.0196539,0.019960906955016518,0.0002994136043252477,0.06869342178106308,0.09662841260433197,0.0511180596977746,0.0,0.0,20537.8,1996.4,9105.1,21003.8
1650,432326400,0.0445,3.54669,34.031,0.019409,0.01996018288897101,0.0002994027433345651,0.07728306204080582,0.10305691510438919,0.0625035319652813,0.0,0.0,20545.6,1996.4,9105.1,21131.4
1660,434946560,0.04477,3.53751,33.72,0.0194335,0.01995945219374377,0.0002993917829061565,0.07952264696359634,0.1004050225019455,0.05901510126948703,0.0,0.0,20534.3,1996.4,9105.1,21258.9
1670,437566720,0.04504,3.53228,33.543,0.0194573,0.01995871486987541,0.0002993807230481311,0.08313733339309692,0.10142139345407486,0.05433131744533989,0.0,0.0,20540.2,1996.4,9105.1,21386.5
1680,440186880,0.04531,3.47755,31.758,0.0194207,0.01995797091791143,0.0002993695637686714,0.09014871716499329,0.104877769947052,0.07140488843398184,0.0,0.0,20539.7,1996.4,9105.1,21514.3
1690,442807040,0.04558,3.53765,33.723,0.019469,0.019957220338402245,0.00029935830507603367,0.08026210963726044,0.10890594124794006,0.06323499040813346,0.0,0.0,20539.2,1996.4,9105.1,21641.8
1700,445427200,0.04585,3.4511,30.925,0.0195364,0.019956463131903173,0.0002993469469785476,0.07500285655260086,0.09826650470495224,0.05220304135195165,0.0,0.0,20541.3,1996.4,9105.1,21769.3
1710,448047360,0.04612,3.58739,35.448,0.0193273,0.019955699298974432,0.00029933548948461643,0.0970674380660057,0.10178360342979431,0.06428174947416493,0.0,0.0,20542.8,1996.4,9105.1,21896.9
1720,450667520,0.04639,3.61649,36.505,0.0190243,0.01995492884018114,0.0002993239326027171,0.0801895260810852,0.10402113944292068,0.059534844247368164,0.0,0.0,20532.3,1996.4,9105.1,22024.5
1730,453287680,0.04666,3.45545,31.068,0.0192727,0.019954151756093327,0.00029931227634139983,0.07505231350660324,0.10083598643541336,0.05167167275194104,0.0,0.0,20527.3,1996.4,9105.1,22152.0
1740,455907840,0.04693,3.51782,33.07,0.0192057,0.01995336804728591,0.0002993005207092886,0.07252858579158783,0.09720820188522339,0.046609657326449776,0.0,0.0,20540.3,1996.4,9105.1,22279.7
1750,458528000,0.0472,3.4428,30.677,0.0193055,0.01995257771433872,0.00029928866571508076,0.07926061749458313,0.10559462755918503,0.06558400585970887,0.0,0.0,20537.7,1996.4,9105.1,22407.2
1760,461148160,0.04746,3.42205,30.046,0.0193074,0.019951780757836476,0.0002992767113675471,0.07798352092504501,0.1036648154258728,0.055856448630899856,0.0,0.0,20538.6,1996.4,9105.1,22541.9
1770,463768320,0.04773,3.5496,34.145,0.0189821,0.019950977178368814,0.0002992646576755322,0.0770324096083641,0.09614694863557816,0.05008540516328882,0.0,0.0,20542.2,1996.4,9105.1,22669.5
1780,466388480,0.048,3.4368,30.496,0.0192109,0.01995016697653026,0.0002992525046479539,0.07134426385164261,0.09915667772293091,0.04860250124048712,0.0,0.0,20542.4,1996.4,9105.1,22797.0
1790,469008640,0.04827,3.48105,31.877,0.0191551,0.01994935015292024,0.00029924025229380357,0.08057673275470734,0.09838099777698517,0.05527607276664782,0.0,0.0,20539.6,1996.4,9105.1,22924.7
1800,471628800,0.04854,3.53682,33.712,0.0189721,0.01994852670814308,0.00029922790062214614,0.08662847429513931,0.10537388175725937,0.060487783905945704,0.0,0.0,20304.8,1996.4,9105.1,23052.5
1810,474248960,0.04881,3.4093,29.669,0.01921,0.019947696642808006,0.00029921544964212,0.07758386433124542,0.09964956343173981,0.04875835856472719,0.0,0.0,20532.5,1996.4,9105.1,23180.0
1820,476869120,0.04908,3.58664,35.436,0.0189172,0.019946859957529137,0.00029920289936293703,0.0799688920378685,0.09918654710054398,0.05472522644369595,0.0,0.0,20536.3,1996.4,9105.1,23307.5
1830,479489280,0.04935,3.35803,28.184,0.0192659,0.019946016652925495,0.0002991902497938824,0.08875302970409393,0.10259077697992325,0.06372349225054183,0.0,0.0,20527.3,1996.4,9105.1,23435.1
1840,482109440,0.04962,3.37981,28.805,0.0192684,0.019945166729621,0.00029917750094431497,0.07168309390544891,0.09324948489665985,0.04574276921777004,0.0,0.0,20305.9,1996.4,9105.1,23562.8
1850,484729600,0.04989,3.39327,29.194,0.0192993,0.019944310188244472,0.00029916465282366707,0.08026884496212006,0.09484788775444031,0.049394881184924216,0.0,0.0,20538.4,1996.4,9105.1,23690.3
1860,487349760,0.05016,3.39027,29.114,0.0190574,0.019943447029429608,0.0002991517054414441,0.07648128271102905,0.09853687882423401,0.05466137301913726,0.0,0.0,20535.2,1996.4,9105.1,23817.8
1870,489969920,0.05043,3.51731,33.059,0.0190069,0.019942577253815028,0.0002991386588072254,0.07100463658571243,0.09590659290552139,0.050730925294093364,0.0,0.0,20537.7,1996.4,9105.1,23945.4
1880,492590080,0.0507,3.49655,32.392,0.0186413,0.01994170086204423,0.0002991255129306634,0.07077877223491669,0.09778860956430435,0.04846067531975941,0.0,0.0,20534.2,1996.4,9105.1,24079.2
1890,495210240,0.05097,3.51921,33.128,0.0188184,0.01994081785476561,0.0002991122678214841,0.09038028120994568,0.09911821782588959,0.053238291894111896,0.0,0.0,20527.8,1996.4,9105.1,24206.7
1900,497830400,0.05124,3.46605,31.413,0.0188199,0.01993992823263246,0.0002990989234894869,0.07399111986160278,0.09460707753896713,0.04931790663069855,0.0,0.0,20534.9,1996.4,9105.1,24334.4
1910,500450560,0.05151,3.52044,33.169,0.0188299,0.019939031996302974,0.0002990854799445446,0.07373203337192535,0.0984785184264183,0.04981838598286469,0.0,0.0,20541.8,1996.4,9105.1,24462.0
1920,503070720,0.05178,3.52172,33.219,0.0186087,0.01993812914644022,0.0002990719371966033,0.06912466883659363,0.09811722487211227,0.04820713580321131,0.0,0.0,20534.2,1996.4,9105.1,24589.5
1930,505690880,0.05205,3.5591,34.478,0.0187922,0.019937219683712176,0.00029905829525568264,0.07712090015411377,0.09940613061189651,0.050722817616150814,0.0,0.0,20530.4,1996.4,9105.1,24717.2
1940,508311040,0.05232,3.53164,33.552,0.0185479,0.019936303608791707,0.0002990445541318756,0.07692469656467438,0.10359098017215729,0.05523225215582057,0.0,0.0,20534.0,1996.4,9105.1,24844.7
1950,510931200,0.05259,3.46086,31.252,0.0187772,0.019935380922356572,0.00029903071383534857,0.07232598215341568,0.10393252968788147,0.06017738953005091,0.0,0.0,20533.8,1996.4,9105.1,24972.4
1960,513551360,0.05286,3.39932,29.385,0.0188378,0.019934451625089413,0.0002990167743763412,0.07981691509485245,0.09695127606391907,0.052314383931908875,0.0,0.0,20533.7,1996.4,9105.1,25099.9
1970,516171520,0.05313,3.45285,31.005,0.0186956,0.019933515717677774,0.0002990027357651666,0.07392772287130356,0.10916212201118469,0.054143717624780735,0.0,0.0,20528.1,1996.4,9105.1,25227.5
1980,518791680,0.0534,3.3765,28.728,0.0186208,0.01993257320081409,0.0002989885980122113,0.06544901430606842,0.09689205139875412,0.044423773185444645,0.0,0.0,20534.6,1996.4,9105.1,25355.1
1990,521411840,0.05367,3.39579,29.286,0.0186757,0.01993162407519567,0.00029897436112793504,0.07670427113771439,0.09932819753885269,0.05170052399519737,0.0,0.0,20533.5,1996.4,9105.1,25482.7
2000,524032000,0.05394,3.50247,32.591,0.0184225,0.019930668341524734,0.000298960025122871,0.0684007778763771,0.10049121081829071,0.050451578144203035,0.0,0.0,20537.8,1996.4,9105.1,25610.3
2010,526652160,0.05421,3.54429,33.982,0.0184477,0.019929706000508373,0.0002989455900076256,0.07452531158924103,0.09927330166101456,0.052108743630456526,0.0,0.0,20534.5,1996.4,9105.1,25744.8
2020,529272320,0.05448,3.43645,30.502,0.0186453,0.019928737052858577,0.0002989310557928787,0.07402309775352478,0.10711809247732162,0.053468802697594686,0.0,0.0,20535.8,1996.4,9105.1,25872.4
2030,531892480,0.05475,3.42946,30.294,0.0185033,0.019927761499292224,0.0002989164224893833,0.06941825151443481,0.0945785790681839,0.045051396658030436,0.0,0.0,20537.1,1996.4,9105.1,25999.9
2040,534512640,0.05502,3.37761,28.764,0.018488,0.01992677934053107,0.000298901690107966,0.06960134208202362,0.11661633104085922,0.06642821864273898,0.0,0.0,20535.5,1996.4,9105.1,26127.6
2050,537132800,0.05529,3.34276,27.777,0.0185718,0.019925790577301768,0.0002988868586595265,0.07575086504220963,0.09838572144508362,0.05546756583084842,0.0,0.0,20539.8,1996.4,9105.1,26255.1
2060,539752960,0.05556,3.40207,29.477,0.0184462,0.01992479521033585,0.0002988719281550378,0.06859384477138519,0.09979905188083649,0.0517403643964258,0.0,0.0,20539.6,1996.4,9105.1,26382.7
2070,542373120,0.05583,3.503,32.611,0.0183517,0.019923793240369747,0.00029885689860554616,0.08105919510126114,0.10777395218610764,0.05779145079082792,0.0,0.0,20537.1,1996.4,9105.1,26510.2
2080,544993280,0.05609,3.40692,29.617,0.0185808,0.019922784668144754,0.0002988417700221713,0.06882266700267792,0.10420030355453491,0.062471095889532244,0.0,0.0,20532.0,1996.4,9105.1,26637.9
2090,547613440,0.05636,3.47012,31.558,0.0183116,0.019921769494407066,0.000298826542416106,0.07281613349914551,0.10252715647220612,0.0620686045393383,0.0,0.0,20536.7,1996.4,9105.1,26765.5
2100,550233600,0.05663,3.51755,33.092,0.0182645,0.01992074771990776,0.0002988112157986164,0.0717228576540947,0.10655814409255981,0.04895211083642249,0.0,0.0,20535.3,1996.4,9105.1,26893.0
2110,552853760,0.0569,3.33886,27.674,0.0183805,0.019919719345402792,0.0002987957901810419,0.07779382914304733,0.0991886630654335,0.055626662776611865,0.0,0.0,20536.2,1996.4,9105.1,27020.6
2120,555473920,0.05717,3.40636,29.606,0.0183795,0.019918684371653006,0.0002987802655747951,0.07513388991355896,0.10583697259426117,0.05744415540728373,0.0,0.0,20541.9,1996.4,9105.1,27148.1
2130,558094080,0.05744,3.37155,28.59,0.0184783,0.019917642799424123,0.00029876464199136185,0.07289723306894302,0.1014585867524147,0.050855184776290495,0.0,0.0,20540.9,1996.4,9105.1,27281.9
2140,560714240,0.05771,3.34717,27.903,0.0184214,0.019916594629486754,0.0002987489194423013,0.06597059220075607,0.09441663324832916,0.04744508893053233,0.0,0.0,20549.0,1996.4,9105.1,27409.6
2150,563334400,0.05798,3.34539,27.861,0.0181691,0.019915539862616384,0.00029873309793924577,0.07101775705814362,0.10530251264572144,0.05386084034225395,0.0,0.0,20539.7,1996.4,9105.1,27537.0
2160,565954560,0.05825,3.37561,28.71,0.0183695,0.019914478499593383,0.0002987171774939007,0.07464313507080078,0.11122633516788483,0.06713397343125319,0.0,0.0,20540.0,1996.4,9105.1,27664.7
2170,568574720,0.05852,3.57282,34.985,0.017911,0.019913410541202995,0.0002987011581180449,0.07864014059305191,0.0984906554222107,0.05284676169481899,0.0,0.0,20370.7,1996.4,9105.1,27792.5
2180,571194880,0.05879,3.38453,28.979,0.0179464,0.019912335988235347,0.0002986850398235302,0.07557898014783859,0.10172874480485916,0.05467093032735647,0.0,0.0,20319.1,1996.4,9105.1,27920.2
2190,573815040,0.05906,3.46502,31.405,0.018052,0.019911254841485454,0.0002986688226222818,0.06848261505365372,0.10533276200294495,0.046281290773914206,0.0,0.0,20535.9,1996.4,9105.1,28047.7
2200,576435200,0.05933,3.48874,32.162,0.0179419,0.019910167101753192,0.0002986525065262979,0.06907206028699875,0.10680346935987473,0.053427471737853865,0.0,0.0,20531.3,1996.4,9105.1,28175.3
2210,579055360,0.0596,3.41749,29.95,0.0179579,0.01990907276984333,0.00029863609154764996,0.07005637884140015,0.10007596015930176,0.054419883584402196,0.0,0.0,20303.9,1996.4,9105.1,28303.0
2220,581675520,0.05987,3.31761,27.102,0.0179873,0.01990797184656551,0.0002986195776984826,0.07042372971773148,0.10085388273000717,0.047171398015074535,0.0,0.0,20539.6,1996.4,9105.1,28430.5
2230,584295680,0.06014,3.45871,31.218,0.0177236,0.019906864332734243,0.0002986029649910136,0.0739578902721405,0.10130510479211807,0.0576336158131088,0.0,0.0,20536.8,1996.4,9105.1,28558.1
2240,586915840,0.06041,3.30723,26.821,0.0180495,0.019905750229168927,0.00029858625343753386,0.06810103356838226,0.10071148723363876,0.046396962075769745,0.0,0.0,20531.4,1996.4,9105.1,28685.7
2250,589536000,0.06068,3.42876,30.291,0.0179063,0.019904629536693825,0.00029856944305040734,0.06970585137605667,0.09850061684846878,0.05102658081795756,0.0,0.0,20531.6,1996.4,9105.1,28813.3
2260,592156160,0.06095,3.38984,29.13,0.0180534,0.01990350225613808,0.0002985525338420712,0.07296230643987656,0.10282072424888611,0.05833785477146484,0.0,0.0,20536.6,1996.4,9105.1,28947.8
2270,594776320,0.06122,3.39969,29.421,0.0179676,0.019902368388335718,0.00029853552582503575,0.06422828882932663,0.09572936594486237,0.04477822845598178,0.0,0.0,20532.0,1996.4,9105.1,29075.5
2280,597396480,0.06149,3.42667,30.23,0.0178525,0.01990122793412562,0.0002985184190118843,0.07878001034259796,0.11245433241128922,0.06510790759951271,0.0,0.0,20534.9,1996.4,9105.1,29203.2
2290,600016640,0.06176,3.3655,28.44,0.0176974,0.019900080894351555,0.0002985012134152733,0.06876324862241745,0.10527916252613068,0.05450404962309199,0.0,0.0,20536.4,1996.4,9105.1,29330.6
2300,602636800,0.06203,3.39509,29.29,0.0178438,0.01989892726986216,0.00029848390904793236,0.07143343985080719,0.1044187992811203,0.05660493875010095,0.0,0.0,20539.7,1996.4,9105.1,29458.3
2310,605256960,0.0623,3.49963,32.527,0.0175693,0.019897767061510942,0.00029846650592266406,0.0712914764881134,0.10314950346946716,0.04694473629943469,0.0,0.0,20536.0,1996.4,9105.1,29585.8
2320,607877120,0.06257,3.28905,26.342,0.0178829,0.019896600270156276,0.0002984490040523441,0.071570985019207,0.10317980498075485,0.056230567374137876,0.0,0.0,20536.8,1996.4,9105.1,29713.5
2330,610497280,0.06284,3.18195,23.661,0.0181396,0.019895426896661413,0.00029843140344992114,0.07337964326143265,0.10219781845808029,0.05280746855101334,0.0,0.0,20451.2,1996.4,9105.1,29841.9
2340,613117440,0.06311,3.30798,26.845,0.0179151,0.019894246941894476,0.0002984137041284171,0.06936633586883545,0.10049527138471603,0.047531715991825395,0.0,0.0,20425.8,1996.4,9105.1,29971.3
2350,615737600,0.06338,3.39805,29.381,0.0177065,0.01989306040672845,0.00029839590610092673,0.06575144827365875,0.09807803481817245,0.04378601417383778,0.0,0.0,19948.0,1996.4,9105.1,30100.6
2360,618357760,0.06365,3.45886,31.226,0.0176013,0.019891867292041194,0.00029837800938061783,0.06573670357465744,0.09770237654447556,0.04611720176226576,0.0,0.0,20494.3,1996.4,9105.1,30229.7
2370,620977920,0.06392,3.41924,30.011,0.0176618,0.01989066759871543,0.0002983600139807314,0.06852198392152786,0.11035259813070297,0.06880356723406367,0.0,0.0,20292.0,1996.4,9105.1,30358.7
2380,623598080,0.06419,3.1114,22.052,0.0180068,0.01988946132763875,0.00029834191991458123,0.06902427226305008,0.0975678563117981,0.05433744347783435,0.0,0.0,20197.5,1996.4,9105.1,30494.7
2390,626218240,0.06446,3.3363,27.624,0.0176002,0.01988824847970361,0.0002983237271955541,0.07373383641242981,0.10066937655210495,0.05617104556749462,0.0,0.0,20441.6,1996.4,9105.1,30624.2
2400,628838400,0.06472,3.32257,27.248,0.0175862,0.019887029055807345,0.0002983054358371101,0.07190769165754318,0.10231883823871613,0.056796810269804224,0.0,0.0,20285.0,1996.4,9105.1,30754.6
2410,631458560,0.06499,3.38518,29.013,0.0174336,0.01988580305685213,0.00029828704585278197,0.06611314415931702,0.10088494420051575,0.051736728026736845,0.0,0.0,20233.9,1996.4,9105.1,30883.7
2420,634078720,0.06526,3.43169,30.398,0.0173016,0.01988457048374503,0.0002982685572561754,0.07354976236820221,0.10968390852212906,0.060498157899171685,0.0,0.0,20353.5,1996.4,9105.1,31013.1
2430,636698880,0.06553,3.33692,27.645,0.0174697,0.019883331337397957,0.0002982499700609693,0.0684000626206398,0.09916260838508606,0.051897114080336156,0.0,0.0,20253.1,1996.4,9105.1,31144.1
2440,639319040,0.0658,3.32641,27.361,0.0173067,0.019882085618727695,0.00029823128428091536,0.06529296934604645,0.09784787893295288,0.04588074073910927,0.0,0.0,20175.1,1996.4,9105.1,31273.8
2450,641939200,0.06607,3.61874,36.654,0.0172105,0.019880833328655884,0.00029821249992983826,0.0865229144692421,0.11209902167320251,0.06813776033673402,0.0,0.0,19848.7,1996.4,9105.1,31403.7
2460,644559360,0.06634,3.35566,28.166,0.0175446,0.019879574468109035,0.00029819361702163554,0.06791482865810394,0.10166888684034348,0.05224622343518157,0.0,0.0,19576.2,1996.4,9105.1,31532.9
2470,647179520,0.06661,3.34591,27.898,0.017354,0.019878309038018512,0.0002981746355702776,0.0646570548415184,0.09831488132476807,0.048198072002876846,0.0,0.0,20197.4,1996.4,9105.1,31665.0
2480,649799680,0.06688,3.38119,28.903,0.0172558,0.01987703703932054,0.0002981555555898081,0.07086928933858871,0.10525768250226974,0.05522687239181002,0.0,0.0,20376.2,1996.4,9105.1,31794.1
2490,652419840,0.06715,3.48655,32.114,0.0172613,0.01987575847295621,0.0002981363770943431,0.07415243983268738,0.10711706429719925,0.05342579003854895,0.0,0.0,20434.9,1996.4,9105.1,31922.9
2500,655040000,0.06742,3.34091,27.759,0.0173434,0.01987447333987146,0.0002981171000980719,0.06534562259912491,0.09839676320552826,0.04813551971724708,0.0,0.0,20151.3,1996.4,9105.1,32051.6
2510,657660160,0.06769,3.37773,28.805,0.0171773,0.019873181641017108,0.00029809772461525657,0.06468598544597626,0.09739939868450165,0.04809617807639038,0.0,0.0,20405.7,1996.4,9105.1,32189.0
2520,660280320,0.06796,3.32156,27.227,0.017334,0.0198718833773488,0.00029807825066023195,0.06622862815856934,0.10012718290090561,0.05598798848184335,0.0,0.0,20053.6,1996.4,9105.1,32318.0
2530,662900480,0.06823,3.33345,27.552,0.0173873,0.01987057854982707,0.000298058678247406,0.06424311548471451,0.09364014863967896,0.044682083145955086,0.0,0.0,20200.8,1996.4,9105.1,32448.3
2540,665520640,0.0685,3.36429,28.421,0.0171569,0.01986926715941728,0.0002980390073912592,0.06389444321393967,0.10029786080121994,0.05173161843483926,0.0,0.0,19875.8,1996.4,9105.1,32578.5
2550,668140800,0.06877,3.3019,26.703,0.0171292,0.01986794920708967,0.0002980192381063451,0.06409573554992676,0.09889375418424606,0.05277248672483847,0.0,0.0,20327.6,1996.4,9105.1,32707.6
2560,670760960,0.06904,3.39127,29.204,0.0169586,0.019866624693819324,0.0002979993704072898,0.07214165478944778,0.1030229777097702,0.05443357436989129,0.0,0.0,20024.1,1996.4,9105.1,32837.1
2570,673381120,0.06931,3.34934,28.0,0.0171468,0.01986529362058618,0.0002979794043087927,0.06350137293338776,0.09820272773504257,0.04666188246334544,0.0,0.0,19262.2,1996.4,9105.1,32967.4
2580,676001280,0.06958,3.31481,27.042,0.0174382,0.01986395598837503,0.0002979593398256254,0.06592867523431778,0.10310716927051544,0.05057259516556397,0.0,0.0,19960.8,1996.4,9105.1,33097.3
2590,678621440,0.06985,3.24267,25.172,0.0169462,0.01986261179817552,0.0002979391769726328,0.06653004884719849,0.09499456733465195,0.042333516897556794,0.0,0.0,20335.7,1996.4,9105.1,33229.3
2600,681241600,0.07012,3.38627,29.054,0.0171171,0.01986126105098215,0.0002979189157647322,0.06822632998228073,0.10731343179941177,0.05079773199019812,0.0,0.0,20148.1,1996.4,9105.1,33359.0
2610,683861760,0.07039,3.46907,31.565,0.0170178,0.01985990374779427,0.000297898556216914,0.06736624240875244,0.10509578138589859,0.05226135441917841,0.0,0.0,20182.6,1996.4,9105.1,33488.4
2620,686481920,0.07066,3.45056,30.991,0.0168521,0.019858539889616073,0.00029787809834424107,0.07292303442955017,0.11020760238170624,0.057177439853488984,0.0,0.0,20412.2,1996.4,9105.1,33618.3
2630,689102080,0.07093,3.50829,32.836,0.0167651,0.019857169477456617,0.0002978575421618492,0.07223436236381531,0.10678638517856598,0.056851759268104846,0.0,0.0,20179.4,1996.4,9105.1,33755.0
2640,691722240,0.0712,3.2454,25.236,0.0171359,0.01985579251232979,0.0002978368876849468,0.06523250788450241,0.09709928184747696,0.04883160099751192,0.0,0.0,20128.7,1996.4,9105.1,33884.4
2650,694342400,0.07147,3.29396,26.495,0.0170144,0.019854408995254348,0.0002978161349288152,0.0718926414847374,0.10407737642526627,0.05451293213512677,0.0,0.0,20082.4,1996.4,9105.1,34016.2
2660,696962560,0.07174,3.33281,27.548,0.0168891,0.019853018927253878,0.0002977952839088081,0.06761611998081207,0.11047542840242386,0.06379186426287212,0.0,0.0,20089.0,1996.4,9105.1,34146.6
2670,699582720,0.07201,3.26142,25.645,0.0170723,0.019851622309356817,0.00029777433464035227,0.0715557187795639,0.10456687211990356,0.05826690487908988,0.0,0.0,19801.6,1996.4,9105.1,34277.6
2680,702202880,0.07228,3.35969,28.295,0.0170089,0.01985021914259646,0.0002977532871389469,0.06099608168005943,0.10323705524206161,0.05072961687442814,0.0,0.0,19835.4,1996.4,9105.1,34409.4
2690,704823040,0.07255,3.34263,27.821,0.016853,0.019848809428010938,0.00029773214142016403,0.07042354345321655,0.11275862157344818,0.07232096778262362,0.0,0.0,19800.9,1996.4,9105.1,34541.3
2700,707443200,0.07282,3.42722,30.281,0.0166959,0.019847393166643225,0.00029771089749964835,0.05899258330464363,0.10111074894666672,0.048202915943205894,0.0,0.0,19806.1,1996.4,9105.1,34673.4
2710,710063360,0.07309,3.37419,28.717,0.0167155,0.019845970359541134,0.00029768955539311693,0.07468755543231964,0.10525348782539368,0.061481121741914495,0.0,0.0,19905.8,1996.4,9105.1,34803.2
2720,712683520,0.07335,3.2696,25.864,0.0167427,0.019844541007757337,0.00029766811511636,0.07375750690698624,0.10484221577644348,0.04705154509415853,0.0,0.0,19783.3,1996.4,9105.1,34935.5
2730,715303680,0.07362,3.25195,25.408,0.0169051,0.019843105112349328,0.00029764657668523986,0.06762415170669556,0.09755889326334,0.047094173160933464,0.0,0.0,19800.4,1996.4,9105.1,35067.6
2740,717923840,0.07389,3.37536,28.754,0.0165706,0.019841662674379458,0.00029762494011569186,0.06482736766338348,0.0962408259510994,0.0464378424532583,0.0,0.0,19796.6,1996.4,9105.1,35199.9
2750,720544000,0.07416,3.11414,22.132,0.0170946,0.01984021369491492,0.00029760320542372373,0.06624223291873932,0.09955652803182602,0.04992280635329895,0.0,0.0,19793.3,1996.4,9105.1,35332.1
2760,723164160,0.07443,3.30718,26.854,0.0167657,0.01983875817502773,0.0002975813726254159,0.06503024697303772,0.10142788290977478,0.056955609754724655,0.0,0.0,20525.2,1996.4,9105.1,35470.6
2770,725784320,0.0747,3.33353,27.577,0.0165523,0.01983729611579476,0.0002975594417369213,0.07451258599758148,0.10319335013628006,0.05314656873936871,0.0,0.0,20293.5,1996.4,9105.1,35598.3
2780,728404480,0.07497,3.32815,27.426,0.016673,0.019835827518297704,0.00029753741277446555,0.07545245438814163,0.11178763210773468,0.06197425932528687,0.0,0.0,20520.6,1996.4,9105.1,35725.9
2790,731024640,0.07524,3.36306,28.403,0.0165678,0.019834352383623112,0.00029751528575434666,0.06719497591257095,0.10126333683729172,0.04924948935669979,0.0,0.0,20515.9,1996.4,9105.1,35853.7
2800,733644800,0.07551,3.38772,29.118,0.0163803,0.019832870712862355,0.0002974930606929353,0.06794549524784088,0.1019057035446167,0.056268947985598256,0.0,0.0,20513.6,1996.4,9105.1,35981.3
2810,736264960,0.07578,3.17176,23.456,0.0166495,0.019831382507111646,0.00029747073760667467,0.06550353765487671,0.09513333439826965,0.04492280834854508,0.0,0.0,20518.7,1996.4,9105.1,36109.1
2820,738885120,0.07605,3.3465,27.938,0.0165133,0.019829887767472035,0.0002974483165120805,0.06646130979061127,0.10610660165548325,0.05493984737923184,0.0,0.0,20280.9,1996.4,9105.1,36236.9
2830,741505280,0.07632,3.25168,25.406,0.016696,0.0198283864950494,0.000297425797425741,0.068975068628788,0.10154493898153305,0.04937493740776499,0.0,0.0,20524.1,1996.4,9105.1,36364.4
2840,744125440,0.07659,3.34596,27.929,0.0163084,0.019826878690954463,0.0002974031803643169,0.06970743834972382,0.09798233211040497,0.05018389908754826,0.0,0.0,20528.7,1996.4,9105.1,36492.1
2850,746745600,0.07686,3.30362,26.765,0.0165465,0.01982536435630276,0.00029738046534454136,0.0683043822646141,0.10050100833177567,0.043957783135331135,0.0,0.0,20531.8,1996.4,9105.1,36619.7
2860,749365760,0.07713,3.24961,25.354,0.0166881,0.01982384349221468,0.00029735765238322014,0.06341523677110672,0.0954160988330841,0.04683780002034986,0.0,0.0,19823.2,1996.4,9105.1,36749.2
2870,751985920,0.0774,3.31661,27.116,0.0164709,0.019822316099815426,0.00029733474149723136,0.06537510454654694,0.0993385761976242,0.046648313229544866,0.0,0.0,20443.6,1996.4,9105.1,36880.1
2880,754606080,0.07767,3.36065,28.346,0.0161556,0.019820782180235037,0.00029731173270352554,0.07035408169031143,0.11392275243997574,0.06491505940965264,0.0,0.0,19804.9,1996.4,9105.1,37016.4
2890,757226240,0.07794,3.35026,28.048,0.0163341,0.019819241734608393,0.00029728862601912585,0.06544419378042221,0.1038079708814621,0.05736104721087565,0.0,0.0,20539.0,1996.4,9105.1,37146.4
2900,759846400,0.07821,3.26191,25.672,0.0164935,0.01981769476407518,0.0002972654214611276,0.06126293167471886,0.09522987902164459,0.042900586113752574,0.0,0.0,19820.3,1996.4,9105.1,37274.4
2910,762466560,0.07848,3.30309,26.753,0.0164467,0.019816141269779923,0.0002972421190466988,0.06525073200464249,0.11191430687904358,0.05673979139585154,0.0,0.0,19913.7,1996.4,9105.1,37406.6
2920,765086720,0.07875,3.21844,24.585,0.0163004,0.019814581252871975,0.0002972187187930796,0.06543643772602081,0.10145741701126099,0.04880516830945357,0.0,0.0,19807.7,1996.4,9105.1,37535.7
2930,767706880,0.07902,3.27158,25.92,0.0165576,0.019813014714505518,0.0002971952207175827,0.06769561022520065,0.1103503629565239,0.053422070692293926,0.0,0.0,20528.0,1996.4,9105.1,37666.7
2940,770327040,0.07929,3.24957,25.36,0.0164037,0.019811441655839545,0.00029717162483759317,0.062017470598220825,0.09906141459941864,0.04910998170135291,0.0,0.0,20212.2,1996.4,9105.1,37797.8
2950,772947200,0.07956,3.30694,26.863,0.0162048,0.01980986207803789,0.00029714793117056827,0.06269959360361099,0.10379793494939804,0.05145558333851837,0.0,0.0,19937.9,1996.4,9105.1,37930.1
2960,775567360,0.07983,3.26136,25.663,0.0163061,0.019808275982269193,0.0002971241397340379,0.06546050310134888,0.09918099641799927,0.04841542429807435,0.0,0.0,19395.4,1996.4,9105.1,38063.4
2970,778187520,0.0801,3.35247,28.113,0.0162245,0.019806683369706934,0.00029710025054560397,0.06263364851474762,0.10449589788913727,0.051592396809799546,0.0,0.0,19515.7,1996.4,9105.1,38197.9
2980,780807680,0.08037,3.31151,26.984,0.0162771,0.0198050842415294,0.000297076263622941,0.06737465411424637,0.10591031610965729,0.051018970281127854,0.0,0.0,19561.4,1996.4,9105.1,38333.3
2990,783427840,0.08064,3.196,24.042,0.0161957,0.01980347859891971,0.00029705217898379557,0.064820796251297,0.09934629499912262,0.05554276140141768,0.0,0.0,20342.5,1996.4,9105.1,38464.8
3000,786048000,0.08091,3.30055,26.69,0.0162515,0.019801866443065787,0.00029702799664598677,0.06110357493162155,0.09926502406597137,0.05047321863314059,0.0,0.0,20041.9,1996.4,9105.1,38598.3
3010,788668160,0.08118,3.35291,28.13,0.0160748,0.01980024777516039,0.00029700371662740586,0.06090056151151657,0.11190102994441986,0.059130028085278216,0.0,0.0,19938.2,1996.4,9105.1,38736.8
3020,791288320,0.08145,3.38354,29.007,0.0159992,0.01979862259640109,0.00029697933894601633,0.06962060928344727,0.0992320254445076,0.048381186323189586,0.0,0.0,19895.3,1996.4,9105.1,38866.4
3030,793908480,0.08172,3.14298,22.801,0.0161731,0.019796990907990274,0.00029695486361985406,0.06207164004445076,0.09731677919626236,0.04069079529480204,0.0,0.0,19746.7,1996.4,9105.1,38998.8
3040,796528640,0.08198,3.27032,25.901,0.0160244,0.019795352711135136,0.000296930290667027,0.06806862354278564,0.1165679544210434,0.05094147298732729,0.0,0.0,19790.0,1996.4,9105.1,39131.1
3050,799148800,0.08225,3.24542,25.262,0.0161022,0.019793708007047703,0.0002969056201057155,0.06373573839664459,0.09857650846242905,0.04971622900173314,0.0,0.0,19836.1,1996.4,9105.1,39263.4
3060,801768960,0.08252,3.32576,27.38,0.0159553,0.019792056796944808,0.0002968808519541721,0.0674641951918602,0.10135047882795334,0.053913867699653596,0.0,0.0,19813.7,1996.4,9105.1,39395.6
3070,804389120,0.08279,3.20393,24.236,0.0160874,0.01979039908204809,0.00029685598623072133,0.06678840517997742,0.10671019554138184,0.06144767347311175,0.0,0.0,19805.9,1996.4,9105.1,39527.8
3080,807009280,0.08306,3.2675,25.827,0.01607,0.019788734863584016,0.0002968310229537602,0.06351189315319061,0.09899020195007324,0.04968346645110908,0.0,0.0,19583.5,1996.4,9105.1,39660.0
3090,809629440,0.08333,3.25063,25.396,0.0160242,0.019787064142783847,0.0002968059621417577,0.07416599988937378,0.10106050968170166,0.0570924570264729,0.0,0.0,19781.2,1996.4,9105.1,39792.3
3100,812249600,0.0836,3.26295,25.709,0.0161083,0.019785386920883673,0.00029678080381325507,0.06842368841171265,0.1050654873251915,0.055166208697724095,0.0,0.0,19796.8,1996.4,9105.1,39924.7
3110,814869760,0.08387,3.22088,24.655,0.0158999,0.01978370319912438,0.00029675554798686563,0.0676865354180336,0.10867425054311752,0.06913161696624767,0.0,0.0,19819.1,1996.4,9105.1,40056.8
3120,817489920,0.08414,3.27637,26.061,0.0159292,0.019782012978751668,0.000296730194681275,0.06338278949260712,0.10275038331747055,0.04782966989960736,0.0,0.0,19824.8,1996.4,9105.1,40189.1
3130,820110080,0.08441,3.32088,27.249,0.015874,0.01978031626101604,0.0002967047439152406,0.059925924986600876,0.10323157161474228,0.05706004570681563,0.0,0.0,19808.1,1996.4,9105.1,40327.8
3140,822730240,0.08468,3.4061,29.687,0.0153736,0.01977861304717282,0.00029667919570759227,0.06882064789533615,0.10447986423969269,0.05411154017852655,0.0,0.0,19307.5,1996.4,9105.1,40461.1
3150,825350400,0.08495,3.24269,25.201,0.01582,0.01977690333848213,0.00029665355007723194,0.06054682284593582,0.0962175503373146,0.04206261380064698,0.0,0.0,20532.9,1996.4,9105.1,40589.6
3160,827970560,0.08522,3.30555,26.835,0.0158335,0.019775187136208884,0.00029662780704313327,0.06684549152851105,0.09990208595991135,0.049298909723892705,0.0,0.0,20535.2,1996.4,9105.1,40717.0
3170,830590720,0.08549,3.30385,26.8,0.0154615,0.019773464441622823,0.0002966019666243423,0.07357290387153625,0.09862139821052551,0.054937940413106755,0.0,0.0,20533.3,1996.4,9105.1,40844.7
3180,833210880,0.08576,3.20261,24.209,0.0158886,0.01977173525599848,0.0002965760288399772,0.06293919682502747,0.10256899893283844,0.04993474254988978,0.0,0.0,20537.8,1996.4,9105.1,40972.4
3190,835831040,0.08603,3.4251,30.242,0.015874,0.019769999580615184,0.00029654999370922776,0.06488683819770813,0.1024162620306015,0.049813019556856165,0.0,0.0,20522.2,1996.4,9105.1,41099.9
3200,838451200,0.0863,3.30654,26.866,0.0156933,0.019768257416757078,0.00029652386125135613,0.07025418430566788,0.1091219037771225,0.05928048792592402,0.0,0.0,20524.6,1996.4,9105.1,41227.5
3210,841071360,0.08657,3.2355,25.023,0.0157247,0.0197665087657131,0.0002964976314856965,0.061817001551389694,0.09911972284317017,0.04129846472755587,0.0,0.0,20527.8,1996.4,9105.1,41355.1
3220,843691520,0.08684,3.23974,25.122,0.0159933,0.019764753628776985,0.00029647130443165477,0.06752959638834,0.10368964821100235,0.05569720968042438,0.0,0.0,20525.3,1996.4,9105.1,41482.8
3230,846311680,0.08711,3.24548,25.277,0.0155729,0.019762992007247272,0.0002964448801087091,0.061792440712451935,0.09960177540779114,0.04931687514989395,0.0,0.0,20521.9,1996.4,9105.1,41610.4
3240,848931840,0.08738,3.36152,28.388,0.0155533,0.019761223902427294,0.0002964183585364094,0.06533431261777878,0.11241640895605087,0.06599324515623867,0.0,0.0,20528.0,1996.4,9105.1,41738.1
3250,851552000,0.08765,3.2521,25.448,0.015479,0.01975944931562518,0.0002963917397343777,0.06507521867752075,0.11633425205945969,0.07704284766869088,0.0,0.0,20330.2,1996.4,9105.1,41865.7
3260,854172160,0.08792,3.2671,25.825,0.0157471,0.01975766824815386,0.00029636502372230785,0.06616167724132538,0.11618728190660477,0.07401044938618005,0.0,0.0,20533.0,1996.4,9105.1,42000.3
3270,856792320,0.08819,3.26081,25.666,0.0156578,0.01975588070133105,0.0002963382105199657,0.06795231997966766,0.10102798789739609,0.05494391028256735,0.0,0.0,20537.2,1996.4,9105.1,42127.9
3280,859412480,0.08846,3.24618,25.298,0.0154386,0.019754086676479266,0.00029631130014718895,0.0630887821316719,0.10155372321605682,0.0516929435785257,0.0,0.0,20530.9,1996.4,9105.1,42255.5
3290,862032640,0.08873,3.15017,22.981,0.0154987,0.019752286174925818,0.0002962842926238872,0.06536746770143509,0.11150525510311127,0.07251151131748988,0.0,0.0,20525.9,1996.4,9105.1,42383.1
3300,864652800,0.089,3.29747,26.635,0.0152412,0.0197504791980028,0.00029625718797004195,0.0659051388502121,0.10527949780225754,0.057642860214651606,0.0,0.0,20533.5,1996.4,9105.1,42510.8
3310,867272960,0.08927,3.31111,27.001,0.0152447,0.019748665747047107,0.0002962299862057066,0.0662025436758995,0.11135730892419815,0.05215205373410872,0.0,0.0,20534.3,1996.4,9105.1,42638.3
3320,869893120,0.08954,3.18759,23.854,0.0156349,0.01974684582340042,0.00029620268735100627,0.06725095957517624,0.09797097742557526,0.04809710547426155,0.0,0.0,20535.7,1996.4,9105.1,42766.0
3330,872513280,0.08981,3.29266,26.504,0.015364,0.0197450194284092,0.00029617529142613797,0.06180068105459213,0.10866356641054153,0.05239935145597902,0.0,0.0,20428.4,1996.4,9105.1,42893.6
3340,875133440,0.09008,3.25951,25.639,0.0154073,0.019743186563424713,0.00029614779845137064,0.07179239392280579,0.120110884308815,0.07372475069761111,0.0,0.0,20515.0,1996.4,9105.1,43021.5
3350,877753600,0.09035,3.29424,26.538,0.0156709,0.019741347229802992,0.0002961202084470448,0.06473968178033829,0.10905202478170395,0.05649143044685149,0.0,0.0,20515.3,1996.4,9105.1,43149.3
